[
    {
        "question": "What is the origin country of Arabica coffee beans?",
        "answer": "Arabica coffee beans originate from Ethiopia."
    },
    {
        "question": "What is a common brewing method used in Italy?",
        "answer": "Espresso is a common brewing method used in Italy."
    },
    {
        "question": "What does the term 'latte' mean in Italian?",
        "answer": "The term 'latte' means milk in Italian."
    },
    {
        "question": "What type of coffee is brewed using a French press?",
        "answer": "A French press is used to brew coffee with a rich, full-bodied flavor."
    },
    {
        "question": "What is the main difference between a cappuccino and a latte?",
        "answer": "A cappuccino has more foam and less milk compared to a latte."
    },
    {
        "question": "What is the characteristic feature of Turkish coffee?",
        "answer": "Turkish coffee is known for being finely ground and unfiltered."
    },
    {
        "question": "Which country is the largest producer of coffee in the world?",
        "answer": "Brazil is the largest producer of coffee in the world."
    },
    {
        "question": "What is the process of removing caffeine from coffee beans called?",
        "answer": "The process of removing caffeine from coffee beans is called decaffeination."
    },
    {
        "question": "What is the name of the coffee beverage made with equal parts of espresso and steamed milk?",
        "answer": "The beverage is called a 'caffè macchiato'."
    },
    {
        "question": "What is the typical serving size of a shot of espresso?",
        "answer": "A typical shot of espresso is about 1 ounce (30 milliliters)."
    },
    {
        "question": "What type of coffee is typically used in Vietnamese iced coffee?",
        "answer": "Vietnamese iced coffee is typically made with dark roast coffee."
    },
    {
        "question": "What does the term 'single origin' mean in coffee?",
        "answer": "'Single origin' refers to coffee sourced from one specific location or region."
    },
    {
        "question": "What is the main ingredient added to make a Mocha?",
        "answer": "The main ingredient added to make a Mocha is chocolate."
    },
    {
        "question": "What is the name of the coffee drink made with espresso and hot water?",
        "answer": "The drink is called an 'Americano'."
    },
    {
        "question": "What is a cortado?",
        "answer": "A cortado is an espresso mixed with a roughly equal amount of warm milk."
    },
    {
        "question": "What does the term 'crema' refer to in espresso?",
        "answer": "'Crema' refers to the golden, creamy layer on top of a freshly brewed espresso."
    },
    {
        "question": "Which coffee variety is known for its higher caffeine content, Robusta or Arabica?",
        "answer": "Robusta coffee beans are known for having a higher caffeine content than Arabica."
    },
    {
        "question": "What is the typical flavor profile of a dark roast coffee?",
        "answer": "Dark roast coffee typically has a bold, rich flavor with a hint of bitterness."
    },
    {
        "question": "What is cold brew coffee?",
        "answer": "Cold brew coffee is made by steeping coarsely ground coffee beans in cold water for an extended period."
    },
    {
        "question": "What is the traditional coffee preparation method used in Greece?",
        "answer": "In Greece, coffee is traditionally prepared as 'Greek coffee', similar to Turkish coffee."
    }
]
